Name,Age,FavoriteColor,Location,EggCount,EggColor,BasketSize,DeliveryDate
Michal Cawkwell,98,pink,Sainte-Marthe-sur-le-Lac,140,Red,9,3/7/2023
Newton Lockey,80,pink,Teculután,374,Turquoise,6,3/18/2023
Valaree Milne,2,green,Aldeia de Juzo,458,Turquoise,10,3/30/2023
Lester Corner,50,purple,Bafilo,91,Maroon,1,3/7/2023
Claus Domegan,95,pink,Obiaruku Quarters,688,Teal,7,3/19/2023
Maggi Mulligan,78,purple,Palikir - National Government Center,682,Goldenrod,4,3/28/2023
Georas Stokey,23,green,Shuakhevi,106,Mauv,3,3/26/2023
Aeriell Hurrion,37,green,Krajan Satu,303,Orange,2,3/14/2023
Fitz Farryn,66,yellow,Taozixi,660,Goldenrod,7,3/7/2023
Leupold Menico,46,blue,Sanlei,942,Goldenrod,5,3/24/2023
Lura de Chastelain,61,yellow,Xihanling,188,Yellow,3,3/27/2023
Boyce Yankov,53,yellow,Sison,110,Aquamarine,4,3/2/2023
Clem Pinck,23,purple,Ouanaminthe,995,Indigo,3,3/5/2023
Cesya Boath,26,blue,Wangda,574,Red,3,3/2/2023
Raeann Welbelove,71,green,Calheta de Nesquim,148,Purple,6,3/21/2023
Donelle Piddocke,41,purple,Sacramento,915,Yellow,9,3/30/2023
Gilli Leither,12,yellow,Óbidos,985,Khaki,6,3/31/2023
Jeromy Gillman,40,blue,Betong,695,Orange,8,3/19/2023
Karel Crosser,88,pink,Takasaki,116,Puce,1,3/24/2023
Brooke Halling,94,pink,Niepos,999,Purple,6,3/26/2023
Sofie Bruster,39,blue,Chiriguaná,338,Pink,10,3/23/2023
Brody Guenther,46,purple,Xiadong,18,Indigo,7,3/8/2023
Ulysses Robrose,78,blue,Tullamore,495,Red,10,3/16/2023
Leigh Filon,77,blue,Zebrzydowice,54,Yellow,6,3/24/2023
Ebonee Bownde,91,yellow,Sendang,365,Puce,10,3/15/2023
Kirbie Tolmie,87,green,Zhouwang,276,Teal,1,3/19/2023
Marjy Kinworthy,15,green,Ballsh,817,Fuscia,2,3/5/2023
Rennie Darbon,78,yellow,Kanaya,469,Khaki,2,3/3/2023
Lilli Leicester,56,pink,Saitama,259,Violet,1,3/31/2023
Gray Stanners,24,yellow,Stamáta,632,Red,5,3/9/2023
Meagan Torrecilla,82,yellow,Sumpur Kudus,324,Maroon,1,3/31/2023
Ailey Seckington,68,green,Lindavista,172,Mauv,8,3/22/2023
Veradis Scraney,52,blue,Timahankrajan,486,Goldenrod,5,3/16/2023
Richart Finder,27,yellow,Capellanía,121,Maroon,3,3/17/2023
Basia Plumer,53,purple,Shuangshipu,879,Purple,2,3/10/2023
Gilly Pinchback,12,pink,Murillo,357,Aquamarine,10,3/29/2023
Huntington Ditts,1,pink,Severomorsk,548,Violet,4,3/4/2023
Jobi Bront,69,yellow,Árgos,778,Teal,4,3/8/2023
Percival Ligertwood,96,green,Sukasirna,425,Red,1,3/16/2023
Matilda Tomkiss,60,purple,Petiga,422,Crimson,10,3/20/2023
Shani McCaughey,49,green,Owerri,873,Teal,1,3/31/2023
Dion Eakins,40,pink,Paris 07,835,Green,4,3/7/2023
Franky Wims,44,blue,Bayt ‘Adhāqah,168,Turquoise,7,3/20/2023
Ardath Cowdroy,62,green,Sumber,254,Indigo,5,3/9/2023
Adelice Bartels-Ellis,29,pink,Xindong,604,Blue,10,3/30/2023
Celestina Leighton,19,blue,Napnapan,542,Turquoise,8,3/16/2023
Drucie Twinbourne,93,pink,Pingxi,966,Purple,2,3/27/2023
Pepe Heavens,60,blue,Aguisan,123,Red,7,3/13/2023
Grantham Couthard,74,blue,Daingean,696,Aquamarine,8,3/4/2023
Alethea Offield,46,green,Lloque,669,Goldenrod,4,3/3/2023
Ambrosi Bagwell,98,pink,Bobrowice,826,Teal,9,3/8/2023
Murry Tremblay,95,blue,Rizal,373,Turquoise,7,3/22/2023
Natty Chrichton,47,blue,Lanas,747,Red,1,3/15/2023
Tadeo Hulburt,3,pink,Jastrzębia Góra,965,Red,10,3/11/2023
Oralle Coad,38,blue,San Quintin,398,Crimson,9,3/3/2023
Chilton Arndell,1,pink,Nova Kakhovka,43,Yellow,9,3/15/2023
Connie Costerd,91,yellow,Barreirinhas,782,Pink,2,3/8/2023
Keeley Fritzer,25,green,Farīmān,361,Pink,7,3/3/2023
Shannon Faulds,87,green,Birmingham,277,Indigo,2,3/6/2023
Juieta Nairns,85,green,Klášterec nad Ohří,58,Mauv,3,3/15/2023
Rasia Dyde,20,blue,Cô Tô,908,Teal,10,3/5/2023
Marinna Joscelyn,24,purple,Hingatungan,791,Blue,3,3/4/2023
Erastus Paulat,47,yellow,Pātan,563,Orange,1,3/19/2023
Dahlia Ricart,30,pink,Jeziorany,146,Fuscia,5,3/8/2023
Rabi Jellicorse,6,green,Liangting,357,Indigo,2,3/30/2023
Davida Wattisham,2,yellow,Ylämaa,43,Mauv,8,3/12/2023
Demetre Calbrathe,78,pink,Kiambu,636,Puce,2,3/16/2023
Berti Lundbeck,49,green,Shubenka,329,Puce,10,3/30/2023
Carling MacWhirter,86,blue,Åstorp,851,Khaki,7,3/13/2023
Wendall Quiddinton,21,yellow,Mastaiciai,185,Teal,5,3/22/2023
Ardenia Espino,40,blue,Basey,431,Puce,2,3/11/2023
Judy Culleford,45,pink,Cartagena,257,Teal,7,3/24/2023
Tudor Stirman,13,green,Xingshou,305,Pink,7,3/18/2023
Valentin Mulmuray,20,blue,Brańsk,433,Aquamarine,1,3/17/2023
Callean Libbis,88,purple,Kamyanyets,511,Fuscia,1,3/12/2023
Alaine Jacobsen,34,yellow,Battung,450,Indigo,10,3/21/2023
Sonni McGinly,94,yellow,San Ignacio de Velasco,846,Orange,4,3/24/2023
Hillie Skeermer,14,yellow,Ojos de Agua,271,Goldenrod,1,3/14/2023
Slade Baynard,89,green,Fontanka,766,Khaki,7,3/3/2023
Wylma Soppett,85,pink,Avignon,990,Crimson,4,3/26/2023
Neill Ruddick,82,green,Strömsnäsbruk,852,Turquoise,5,3/8/2023
Kimberley Klugman,32,yellow,Wuyang,419,Orange,7,3/17/2023
Ely Eland,13,pink,Sviblovo,981,Pink,6,3/26/2023
Linell Dooly,91,yellow,Kryvyy Rih,143,Crimson,10,3/2/2023
Quintana Tyrer,20,green,Gorzów Wielkopolski,849,Indigo,2,3/16/2023
Jennifer Dulake,50,pink,Dorūd,820,Yellow,1,3/29/2023
Jill Ivashchenko,66,purple,Houzhen,678,Red,2,3/2/2023
Carie Baumford,75,pink,Aparecida,615,Orange,3,3/13/2023
Holly Reidshaw,93,green,Pirané,887,Pink,2,3/28/2023
Dolorita Vayne,12,yellow,Midões,50,Blue,9,3/5/2023
Hertha Pitbladdo,29,yellow,Bajing,596,Crimson,8,3/12/2023
Teador Cristofalo,85,yellow,Troitskoye,844,Crimson,2,3/23/2023
Theodoric Janikowski,31,pink,Miłosław,746,Goldenrod,4,3/7/2023
Ronnie Alleyne,22,yellow,Newmarket on Fergus,307,Crimson,8,3/16/2023
Esdras Rummer,4,pink,Puerto Rico,978,Maroon,3,3/1/2023
Brandie Blandamore,70,blue,Nartkala,866,Yellow,7,3/29/2023
Jerrilyn Newman,23,pink,Monte Carmelo,770,Yellow,2,3/8/2023
Ginny Fullerton,100,green,Mahdishahr,711,Violet,6,3/22/2023
Emmi Goodings,93,pink,Jingtan,901,Fuscia,1,3/11/2023
Silas Ottosen,7,green,Itaperuna,171,Khaki,9,3/20/2023
Katlin Lintin,83,yellow,Pimian,789,Turquoise,7,3/4/2023
Davidson Sliman,56,pink,Laban,152,Turquoise,5,3/1/2023
Erna Gutcher,70,pink,Gaspar Hernández,548,Fuscia,7,3/9/2023
Jody Toomer,10,green,Győr,107,Khaki,1,3/11/2023
Emeline Bush,55,yellow,Goubangzi,118,Indigo,9,3/4/2023
Aubrey Spivie,9,green,Uttaradit,886,Aquamarine,9,3/11/2023
Griz Bolmann,5,blue,Łubowo,527,Purple,5,3/1/2023
Sancho MacCallum,60,pink,Śmiłowo,92,Indigo,8,3/8/2023
Beckie Varnes,87,blue,Wanrongjiang,399,Puce,5,3/16/2023
Carmel Aggas,9,purple,Duncans,298,Orange,10,3/8/2023
Kimmy Mesnard,45,yellow,Quanxi,996,Aquamarine,8,3/6/2023
Case Kauble,16,green,Tân Châu,914,Indigo,4,3/20/2023
Zora Kenrat,53,blue,Šilheřovice,690,Crimson,1,3/4/2023
Scottie Angelini,5,green,Nosy Varika,340,Pink,1,3/2/2023
Darrick Hiscocks,30,green,Qushi’an,663,Violet,9,3/18/2023
Zack Wilkerson,2,yellow,Cerro Blanco,811,Orange,8,3/2/2023
Shaw Kurt,61,green,Kisela Voda,195,Goldenrod,6,3/16/2023
Sheri Bhatia,38,yellow,Liozon,537,Teal,9,3/20/2023
Alec Beade,81,yellow,Rumenka,149,Pink,3,3/18/2023
Sibylle Arkow,52,green,Lubuagan,942,Turquoise,7,3/9/2023
Bowie Yakushkev,95,yellow,Morshansk,656,Green,2,3/28/2023
Oliy Pockett,26,green,Duko,434,Puce,6,3/1/2023
Alene Thickpenny,61,purple,Lepoglava,24,Fuscia,1,3/2/2023
Gertrude Heam,17,pink,Mnichovo Hradiště,482,Indigo,9,3/9/2023
August Rubinsky,80,green,Tayang,51,Puce,3,3/7/2023
Brandea Zavattero,12,blue,Badu,675,Goldenrod,7,3/12/2023
Prudi Jedrzejkiewicz,44,pink,Catac,792,Mauv,9,3/31/2023
Corbin Kornacki,79,purple,Nomhon,867,Crimson,4,3/15/2023
Evaleen Barlthrop,44,green,Safonovo,172,Green,9,3/7/2023
Stoddard Grafton,87,green,Kakata,446,Khaki,7,3/6/2023
Sheri Agott,81,pink,Bachowice,510,Crimson,4,3/2/2023
Elna Itzak,70,green,Carmelo,87,Indigo,8,3/7/2023
Orelee Karpeev,75,pink,Mbomba,793,Mauv,3,3/17/2023
Aguste Brafield,89,yellow,Badou,879,Yellow,7,3/15/2023
Georgina Lowerson,94,yellow,Zghartā,479,Purple,1,3/1/2023
Alfie Goodlud,9,purple,Chahannao,659,Indigo,9,3/22/2023
Aaron Zaniolo,25,green,Kanaya,125,Puce,3,3/5/2023
Kienan Di Franceschi,22,yellow,Pau,301,Red,6,3/24/2023
Patrizio Hayhoe,89,blue,Borås,184,Green,7,3/19/2023
Korey Sliney,6,purple,Capacho Viejo,879,Red,7,3/8/2023
Tyson Feeham,88,blue,Kota Kinabalu,201,Mauv,8,3/6/2023
Parrnell Shackell,21,yellow,Nechanice,75,Orange,4,3/15/2023
Marne Kopmann,44,green,Jiushe,153,Fuscia,6,3/30/2023
Cobbie Salzburg,69,green,Dębica,231,Pink,4,3/31/2023
Jacki Nice,39,pink,Eloy Alfaro,934,Orange,9,3/30/2023
Kameko Pouton,76,purple,Jiaotang,353,Goldenrod,7,3/21/2023
Minny Cranmore,95,green,Soledade,681,Red,4,3/4/2023
Briny Erskine Sandys,31,purple,Kota Kinabalu,850,Mauv,7,3/5/2023
Rick Mainds,48,green,Santos Evos,313,Red,2,3/12/2023
Gard Finci,92,pink,Cucutilla,1000,Fuscia,1,3/6/2023
Mellisent Blanchette,94,yellow,Salinas,997,Yellow,4,3/21/2023
Bernadina Spiteri,51,green,Āsasa,73,Goldenrod,7,3/15/2023
Otho Pauli,43,green,Abuyog,82,Violet,6,3/24/2023
Bernie Taunton,24,yellow,Elassóna,748,Aquamarine,4,3/7/2023
Gilligan Kilroy,53,purple,Drahichyn,115,Mauv,10,3/18/2023
Margret Inott,4,green,Le Blanc-Mesnil,268,Green,5,3/9/2023
Crosby Searjeant,26,green,Lakeland,215,Green,4,3/20/2023
Morlee Davison,47,blue,Qingfa,313,Turquoise,10,3/25/2023
Jeramey Kliemchen,87,green,Achoma,965,Violet,3,3/21/2023
Greta Rubee,15,purple,Tulungagung,542,Red,6,3/21/2023
Fayette Windus,12,blue,Xujiafang,860,Purple,2,3/9/2023
Marina Mathevon,39,pink,Dagestanskiye Ogni,449,Indigo,4,3/31/2023
Elysha Brimley,12,yellow,Mujães,628,Mauv,9,3/1/2023
Merla Bockler,26,blue,Taisen-ri,568,Green,3,3/28/2023
Tamqrah L'oiseau,37,green,Karangranjong,707,Pink,2,3/18/2023
Monte Pouton,38,purple,Santa Tecla,532,Purple,6,3/29/2023
Chick McManus,56,green,Sunnyvale,100,Turquoise,1,3/3/2023
Michel Sayles,12,purple,Ljungskile,931,Indigo,8,3/15/2023
Melitta Girkins,3,green,Karak City,400,Puce,5,3/4/2023
Isa Daile,99,blue,Changping,416,Pink,7,3/4/2023
Roscoe Palister,48,yellow,Yumbe,36,Indigo,9,3/14/2023
Rodie Debow,79,yellow,Spitak,21,Goldenrod,9,3/19/2023
Albertina Stive,9,purple,Velykyy Klyuchiv,529,Goldenrod,2,3/21/2023
Sibilla Duley,46,purple,Gislaved,438,Mauv,1,3/10/2023
Lanae Sandy,10,green,Čair,118,Orange,2,3/31/2023
Aksel Ogilvy,57,green,Cisalakdesa,127,Turquoise,10,3/2/2023
Milo Greenset,92,green,Subottsi,33,Mauv,1,3/21/2023
Kare Nickell,60,pink,Krasnokuts’k,887,Goldenrod,2,3/9/2023
Blake Caghy,54,green,Manta,720,Maroon,5,3/25/2023
Demetris Oakes,81,pink,Ludvika,933,Aquamarine,8,3/2/2023
Cherry Dissman,42,blue,Dongshentou,833,Violet,8,3/13/2023
Bamby Dunnan,97,purple,Hat Yai,698,Violet,5,3/23/2023
Chaddie Bowra,10,pink,Škofljica,417,Crimson,9,3/1/2023
Loretta Carabine,48,purple,Dongcun,639,Maroon,4,3/27/2023
Cornelle Ivanichev,20,yellow,Nizhnyaya Tura,840,Aquamarine,3,3/24/2023
Alisa Tureville,39,purple,Enschede,268,Maroon,5,3/23/2023
Christiano Trevon,21,purple,Sarimukti Kaler,236,Indigo,3,3/15/2023
Patsy Houston,35,purple,Fuyo,84,Teal,3,3/16/2023
Kelcey Lago,73,pink,Puttalam,253,Blue,8,3/10/2023
Robena Meineking,61,purple,Baracoa,861,Violet,1,3/12/2023
Boycie Kirkwood,13,yellow,Valença do Douro,57,Violet,8,3/11/2023
Benito Timperley,27,pink,Wucun,850,Turquoise,2,3/6/2023
Cherise Darnbrough,38,purple,Campo Maior,126,Mauv,7,3/30/2023
Violante Sherwen,7,pink,Glotovka,648,Turquoise,4,3/29/2023
Orazio Gregoriou,15,green,Seia,275,Indigo,7,3/25/2023
Corney Laughnan,65,pink,Jaboatão,318,Indigo,9,3/22/2023
Maximilianus Hearsey,39,yellow,Bulls,180,Indigo,6,3/12/2023
Davon Wozencraft,23,yellow,Saint Louis,163,Fuscia,7,3/1/2023
Anna-diana Kalinsky,70,purple,São Tomé,275,Teal,6,3/7/2023
Raddy Ibbison,64,green,Jargalant,268,Purple,2,3/3/2023
Stewart Zanni,72,green,Atimonan,448,Mauv,6,3/13/2023
Ninon Adnams,56,blue,Ystad,161,Teal,7,3/9/2023
Rachel Doylend,37,yellow,Daixi,75,Khaki,1,3/27/2023
Blane Paterno,43,green,Maisons-Laffitte,214,Khaki,4,3/14/2023
Lesli Ferrarese,49,yellow,Kufa,699,Crimson,4,3/17/2023
Kippar Baszkiewicz,48,pink,Longcheng,953,Mauv,5,3/13/2023
Clary Whopples,74,green,Waihibar,680,Khaki,2,3/26/2023
Kinsley Losty,62,green,Phú Thái,898,Crimson,1,3/22/2023
Onfre Vedeneev,5,purple,Kivijärvi,382,Orange,8,3/13/2023
Pete Suttling,95,green,Tuguan,61,Orange,6,3/28/2023
Piggy Westall,62,purple,Najd al Jumā‘ī,791,Blue,1,3/28/2023
Geneva Clancy,81,yellow,Gœsdorf,647,Puce,10,3/19/2023
Arley Ryburn,24,green,Dijon,135,Yellow,9,3/26/2023
Gilbertine Rudland,31,green,Pervomayskaya,606,Crimson,5,3/7/2023
Afton Warboy,10,pink,Haligue,646,Goldenrod,10,3/6/2023
Erminie Cuxon,74,green,Angol,523,Aquamarine,10,3/6/2023
Siobhan Ygoe,88,pink,Samaipata,444,Red,6,3/10/2023
Larisa Frammingham,78,blue,Al Ḩawāmidīyah,357,Blue,7,3/2/2023
Osmond Mordy,12,yellow,Makamba,653,Indigo,8,3/10/2023
Lura Bullick,29,green,Phutthaisong,855,Puce,1,3/13/2023
Annamaria Keach,90,blue,Standerton,780,Purple,9,3/1/2023
Jo-ann Toplin,79,yellow,Langres,266,Goldenrod,6,3/12/2023
Neile Gaydon,73,green,Carolina,861,Orange,8,3/26/2023
Damon Leaming,13,green,Kamogatachō-kamogata,437,Yellow,9,3/6/2023
Mirelle Clemente,18,pink,Piura,142,Goldenrod,8,3/21/2023
Tades Critcher,83,yellow,Huangzhuang,434,Red,9,3/17/2023
Jefferson Billes,22,green,Frutal,576,Crimson,6,3/31/2023
Zoe Gadsby,85,purple,Nandaime,364,Crimson,2,3/8/2023
Magdaia Signoret,87,yellow,Shishan,851,Maroon,7,3/20/2023
Vasili Langham,15,purple,Moutnice,163,Maroon,10,3/21/2023
Beverie Mitrikhin,75,purple,Kongwan,821,Mauv,10,3/9/2023
Lincoln Clougher,43,pink,Kampot,481,Aquamarine,8,3/22/2023
Alaric French,65,green,Verkhniy Dashkesan,227,Teal,4,3/18/2023
Lonee Attrey,40,green,Ad Darbāsīyah,405,Orange,8,3/14/2023
Tamarra Jorgensen,93,pink,Bonneville,921,Orange,7,3/10/2023
Alard Oldridge,21,blue,Maraã,570,Turquoise,2,3/15/2023
Parrnell Davids,32,yellow,Gaspra,465,Yellow,10,3/4/2023
Katusha Tocher,86,pink,Osoyoos,298,Puce,7,3/16/2023
Conrado Visco,6,purple,Quintã,964,Mauv,1,3/10/2023
Jdavie Nast,82,green,Yanjiao,396,Fuscia,4,3/22/2023
Karna Jaggs,59,pink,Caotang,496,Khaki,4,3/14/2023
Jamey Bowell,69,blue,Changning,861,Pink,7,3/4/2023
Kimberli Summerill,91,pink,Datan,829,Yellow,7,3/8/2023
Jedediah Fell,39,purple,Kosikha,537,Goldenrod,3,3/27/2023
Gelya Davidowsky,46,yellow,Příbram,817,Mauv,5,3/7/2023
Ariana Abadam,19,purple,Klos,320,Goldenrod,2,3/5/2023
Arie Loadman,44,blue,Kawanoechō,593,Aquamarine,1,3/15/2023
Arlina Kezor,30,pink,Seattle,733,Red,9,3/7/2023
Liesa Matzkaitis,15,green,Nové Město pod Smrkem,930,Yellow,10,3/23/2023
Keriann Joscelin,81,yellow,Komatsushimachō,67,Red,6,3/30/2023
Esmeralda O'Mullaney,84,blue,Suizhong,702,Blue,2,3/11/2023
Iorgos Godley,5,pink,Oromocto,66,Yellow,3,3/15/2023
Frasco Rosa,97,purple,Wielka Wieś,102,Crimson,7,3/31/2023
Claudius Kalberer,8,pink,Dasht-e Lati,730,Teal,5,3/25/2023
Adolf Wenderott,65,green,Bayt Dajan,2,Mauv,6,3/10/2023
Suzie Harme,94,purple,Banjar Geriana Kangin,658,Maroon,10,3/8/2023
Tymon Baumadier,79,green,Gizel’,544,Puce,3,3/25/2023
Kenn Hush,75,blue,Carpalho,817,Violet,8,3/17/2023
Jacklyn Ritch,64,purple,Shunyi,109,Purple,9,3/18/2023
Tyler MacLice,89,blue,Pico Truncado,172,Indigo,7,3/3/2023
Sapphira MacGibbon,60,blue,Turośń Kościelna,447,Orange,6,3/20/2023
Madalena Miller,75,green,Yaita,291,Puce,7,3/21/2023
Ros Mulvin,63,green,San Manuel,527,Teal,1,3/4/2023
Corbin Le Franc,3,pink,Airdrie,387,Khaki,2,3/25/2023
Thain Sooley,4,green,Parista,331,Blue,8,3/19/2023
Zelda Milbank,47,blue,Oudtshoorn,857,Mauv,9,3/2/2023
Bertine Luty,72,yellow,Sarnów,739,Orange,5,3/21/2023
Gram Olphert,38,pink,Karlskoga,679,Turquoise,2,3/13/2023
Cathi Yetton,100,yellow,Dadiya,51,Yellow,8,3/22/2023
Ursula Vallintine,81,green,Yijiang,863,Crimson,2,3/21/2023
Leeann Brownlie,17,green,Verdizela,161,Blue,3,3/19/2023
Melantha Jobbing,48,pink,Novocherkassk,452,Orange,4,3/7/2023
Nickolai Spilsbury,89,purple,Kohāt,318,Yellow,6,3/24/2023
Leland Wigglesworth,89,yellow,Chuhuyiv,89,Teal,7,3/2/2023
Aliza Pettet,76,green,Danxi,446,Maroon,2,3/22/2023
Hyacintha Tomaszewicz,91,green,Obama,871,Blue,9,3/27/2023
Eldon Bierling,99,purple,Boden,362,Mauv,4,3/31/2023
Anny Beardsley,21,blue,Malkā,358,Teal,2,3/25/2023
Junette Posnette,18,blue,Tanjungkerta,568,Turquoise,10,3/2/2023
Jemima Erickssen,89,purple,Kawalimukti,686,Pink,9,3/20/2023
Horatio Tutill,100,yellow,Caojia,142,Puce,5,3/17/2023
Carlyn Freemantle,54,pink,Visby,144,Yellow,1,3/13/2023
Christopher Karpfen,57,pink,Kyenjojo,300,Orange,4,3/4/2023
Carlina Sullly,97,blue,Volokolamsk,290,Green,9,3/18/2023
Ibbie Dabs,13,pink,Ambelókipoi,996,Purple,9,3/11/2023
Nealon Prangle,13,pink,Bodø,291,Red,7,3/24/2023
Hilarius Mance,25,pink,Penanggapan,816,Puce,5,3/30/2023
Tuck Ciotto,72,yellow,Alegre,664,Yellow,7,3/24/2023
Ivett Iacivelli,78,blue,Sarvābād,633,Puce,1,3/29/2023
Giralda Ovell,38,green,Zhujiatai,391,Purple,1,3/5/2023
Lionel Malacrida,15,purple,Horki,280,Yellow,7,3/18/2023
Gerti Lambourne,88,blue,Gaotang,602,Yellow,6,3/16/2023
Rosie Stearndale,39,yellow,Sabbah,120,Indigo,10,3/22/2023
Grete Bridgewater,85,green,Esch-sur-Alzette,578,Yellow,8,3/31/2023
Reed Thurlow,90,blue,Balsas,691,Blue,9,3/30/2023
Sigismundo Bouldstridge,28,blue,Chinchiná,822,Green,7,3/22/2023
Paxon Thurske,60,green,Langgen,592,Khaki,1,3/25/2023
Vinnie Willock,55,pink,Hövsan,714,Red,8,3/17/2023
Timothea Skelbeck,54,yellow,Perovo,643,Fuscia,4,3/18/2023
Truman McFfaden,50,yellow,Lidong,555,Orange,6,3/9/2023
Sharla Mc Combe,68,purple,San Basilio,621,Orange,9,3/14/2023
Luciano Horsey,14,blue,Shuangbaiyang,739,Khaki,1,3/18/2023
Malvina Sweetzer,75,yellow,Badian,603,Mauv,7,3/1/2023
Charo Kaasman,35,blue,Lyon,21,Crimson,6,3/23/2023
Emerson Dinnis,60,green,Dārayyā,507,Khaki,4,3/10/2023
Rodina Deem,9,green,Jindong,692,Puce,5,3/1/2023
Magdaia Reinbech,75,blue,Klobuky,268,Orange,10,3/9/2023
Berny Lebarree,53,yellow,Podgortsy,782,Red,1,3/30/2023
Kevina Wildish,55,yellow,Sagasa,136,Green,1,3/15/2023
Claresta Molden,52,blue,Chiguirip,591,Red,9,3/2/2023
Rutledge Howell,10,green,Korem,809,Maroon,8,3/8/2023
Lory Pyser,52,pink,Siukh,629,Puce,10,3/6/2023
Gasparo Clack,99,yellow,Pajaten,866,Puce,6,3/20/2023
Alfi Olivia,86,yellow,Zbraslav,872,Pink,10,3/2/2023
Gerrie Simpson,79,yellow,Lý Sơn,564,Yellow,5,3/31/2023
Grantham Loffhead,37,blue,Lysekil,799,Yellow,5,3/5/2023
Elspeth O'Shee,47,blue,Ishiki,956,Goldenrod,5,3/5/2023
Krishna Beathem,95,pink,Phanom Phrai,480,Mauv,8,3/18/2023
Cull Grundon,10,green,Thames,93,Orange,7,3/18/2023
Thurstan Batter,97,blue,Trakai,18,Goldenrod,2,3/7/2023
Valaria Baitman,19,blue,Rungis,938,Maroon,8,3/6/2023
Arron Baskwell,72,pink,Bangelan,772,Blue,3,3/30/2023
Esteban Guess,78,blue,Kuchurhan,451,Orange,8,3/30/2023
Nonnah Grigorushkin,50,pink,Ağdaş,268,Green,7,3/26/2023
Giustina Greatbanks,57,green,Arcueil,929,Indigo,5,3/22/2023
Teodoor Milan,94,purple,Yihe,290,Maroon,3,3/3/2023
Homere Elderkin,71,yellow,Xiaolukou,7,Turquoise,8,3/27/2023
Meryl Sprade,4,yellow,Télimélé,105,Puce,2,3/7/2023
Leone Vynoll,89,blue,Ketawang,141,Orange,8,3/28/2023
Alejandra Birch,25,purple,Qingqu,225,Blue,2,3/18/2023
Judon Durbann,74,purple,Tangdukou,17,Turquoise,1,3/12/2023
Francene Petrakov,17,pink,Trondheim,873,Purple,1,3/10/2023
Evyn Bartram,75,purple,Stuttgart Stuttgart-Mitte,715,Aquamarine,3,3/20/2023
Theadora Layborn,91,yellow,Lunec,606,Aquamarine,6,3/16/2023
Rosamund Ballston,19,green,Olyshivka,533,Puce,10,3/1/2023
Cosme Tebbs,39,yellow,Vecpiebalga,201,Blue,7,3/1/2023
Teddi Luberti,23,blue,Sasar,76,Crimson,10,3/27/2023
Jerome Tunmore,31,pink,Karang,925,Khaki,2,3/14/2023
Wilone Jeste,26,yellow,Cusapín,683,Orange,2,3/27/2023
Percival Titchard,35,pink,Tiko,929,Green,2,3/30/2023
Mariquilla Rothman,32,green,Jakusko,434,Yellow,1,3/12/2023
Kerrin Queenborough,53,blue,Ostuncalco,997,Blue,1,3/8/2023
Montague Wipfler,24,purple,Poshekhon’ye,913,Crimson,1,3/9/2023
Nelly Fullbrook,66,green,Mautapaga Bawah,194,Fuscia,1,3/24/2023
Alwyn Flinders,42,yellow,Thiès Nones,522,Pink,1,3/17/2023
Colver Nunns,53,yellow,Krzemieniewo,809,Maroon,7,3/3/2023
Lolly Sipson,19,pink,Obolensk,931,Goldenrod,6,3/22/2023
Diane Astlett,1,purple,Hermanus,658,Blue,5,3/23/2023
Kermit Brameld,92,yellow,Okhtyrka,570,Red,10,3/13/2023
Artemis Eric,84,yellow,Cravo Norte,446,Purple,6,3/2/2023
Gerladina Leathlay,55,yellow,Brckovljani,720,Puce,9,3/1/2023
Bari Mildner,97,pink,La Hacienda,515,Turquoise,4,3/21/2023
Ignaz Melchior,22,yellow,Jamaica,465,Goldenrod,2,3/7/2023
Alberik Grzelczak,88,yellow,Thala,141,Khaki,7,3/4/2023
Lorie Rame,83,yellow,Fuxing,349,Maroon,2,3/24/2023
Merridie Nutbeem,65,pink,Haguenau,939,Mauv,5,3/27/2023
Yanaton Fifoot,53,purple,Tosontsengel,561,Orange,9,3/10/2023
Virge Whitty,31,purple,Kraljevica,644,Mauv,1,3/22/2023
Kiah Stogill,62,yellow,Nikísiani,762,Teal,5,3/11/2023
Wolf Slopier,11,pink,Rodniki,520,Green,6,3/12/2023
Jillana Spurden,21,yellow,Shinkafe,860,Blue,9,3/18/2023
Joeann Vedeneev,63,purple,Xiaolou,907,Pink,10,3/5/2023
Alethea Dunsford,4,yellow,Druju,150,Orange,2,3/21/2023
Doroteya Hartil,73,blue,Yan Nawa,459,Blue,3,3/1/2023
Jackelyn Josskovitz,3,pink,Alofi,179,Mauv,2,3/7/2023
Malia Phebee,68,pink,Rucava,2,Goldenrod,2,3/29/2023
Reinaldos Janousek,82,blue,Matara,984,Maroon,6,3/19/2023
Bianca O'Neill,74,yellow,Gagarin,853,Puce,7,3/30/2023
Yorgo Ramel,63,pink,Bocowanti,537,Crimson,6,3/14/2023
Rodrigo Pardon,59,blue,Haurpanggung,789,Pink,8,3/10/2023
Mattias Cotilard,69,purple,Temyasovo,742,Purple,3,3/6/2023
Brianne MacArte,77,purple,Vale de Rolas,964,Teal,9,3/22/2023
Krishnah Richmond,33,yellow,Chư Prông,610,Crimson,8,3/16/2023
Fionnula Frow,97,green,Xincheng,676,Indigo,5,3/22/2023
Fredrika Sermin,71,yellow,San Jerónimo,996,Yellow,9,3/27/2023
Simmonds Gilbody,49,purple,Lubuagan,947,Turquoise,7,3/3/2023
Clerkclaude Skipping,48,pink,Wangpu,843,Green,9,3/31/2023
Corbie Tweddell,52,green,Yeşilköy,139,Blue,3,3/15/2023
Shell Kort,14,purple,Moyo,509,Goldenrod,2,3/6/2023
Robin Kropach,46,yellow,Nizhniy Bestyakh,498,Green,7,3/13/2023
Sileas Cubbino,89,purple,Xinyi,963,Pink,10,3/28/2023
Pate Childes,72,green,Nizhnyaya Tura,824,Orange,3,3/29/2023
Eugen Alenov,61,pink,Huazhaizi,337,Purple,8,3/7/2023
Rogerio Stone Fewings,40,pink,Kivijärvi,910,Aquamarine,8,3/19/2023
Fritz Glover,53,pink,Lieqiao,929,Indigo,4,3/5/2023
Indira Kinvan,27,yellow,Moa,201,Maroon,7,3/27/2023
Ricky Guthrie,71,blue,Futuroscope,261,Aquamarine,5,3/8/2023
Cyb Stride,97,green,Hatava,526,Red,7,3/18/2023
Lorry Washington,61,pink,Passo Fundo,466,Yellow,1,3/20/2023
Annora Ramsey,48,green,Nice,474,Aquamarine,5,3/10/2023
Lilah Perton,25,pink,‘Afīf,819,Mauv,4,3/14/2023
Elihu Inglesent,99,yellow,Wolmaransstad,787,Purple,5,3/5/2023
Bryan Dericot,42,pink,Ribas do Rio Pardo,538,Purple,6,3/18/2023
Minnnie Phoebe,29,yellow,Urug,660,Teal,1,3/25/2023
Anastasie Akett,26,green,L’vovskiy,587,Mauv,10,3/7/2023
Gaspar Rennix,29,green,Conchal,390,Teal,10,3/23/2023
Nadia Monksfield,40,green,Podu,32,Teal,9,3/6/2023
Carlynne Brettoner,50,purple,Sayán,100,Aquamarine,7,3/4/2023
Pollyanna Bortolussi,34,yellow,Puerto Castilla,443,Purple,2,3/26/2023
Jemmy Antoney,90,purple,Pinayagan Norte,544,Teal,8,3/3/2023
Brigitta Woollett,60,purple,Popayán,933,Red,1,3/12/2023
Curtice Hardeman,55,purple,Jiakexi,497,Blue,7,3/25/2023
Chan Beert,42,blue,Kraslice,467,Crimson,5,3/13/2023
Gray Sharrock,70,purple,Ibagué,371,Orange,6,3/9/2023
Lena Duer,12,pink,Severobaykal’sk,457,Green,1,3/11/2023
Arliene Klimsch,35,blue,Shanting,999,Pink,10,3/29/2023
Norry Illiston,40,pink,Ḏânan,787,Green,1,3/28/2023
Olivie Chislett,68,purple,Heiiyugou,22,Blue,5,3/4/2023
Traver Jikovsky,14,blue,Rūdiškės,356,Goldenrod,2,3/2/2023
Sella Frostick,45,blue,Pili,720,Indigo,10,3/26/2023
Elliot Espie,95,yellow,Hwaseong-si,314,Khaki,3,3/25/2023
Gisella Cisneros,24,yellow,Hexi,74,Puce,7,3/2/2023
Tracey Brydon,17,purple,Manta,417,Green,8,3/15/2023
Humfrid Ratazzi,28,pink,Four Cross Roads,691,Maroon,5,3/12/2023
Julienne Hawyes,14,pink,Tanda,167,Mauv,1,3/17/2023
Cory Runsey,39,purple,Simpang,681,Orange,2,3/16/2023
Nonah Riall,67,green,San Pedro Masahuat,839,Purple,6,3/27/2023
Jacquelynn Garett,35,blue,Tuchomie,36,Yellow,4,3/29/2023
Terri Hawkey,51,green,Borzytuchom,191,Yellow,7,3/23/2023
Broderick di Rocca,82,blue,Beaung Tengah,424,Violet,7,3/11/2023
Rogers Lightbourne,14,green,Pingtian,668,Red,8,3/25/2023
Marcellus Legonidec,99,purple,Arteche,73,Red,3,3/10/2023
Krispin MacCracken,35,purple,Mimbaan Timur,566,Khaki,6,3/27/2023
Langston Wimbridge,62,pink,Atawutung,639,Violet,7,3/24/2023
Laura Malletratt,12,green,Campo Maior,816,Pink,2,3/31/2023
Dillie Hansill,92,purple,Chacarita,480,Green,4,3/9/2023
Lauree Wimms,61,pink,Huilong,103,Fuscia,3,3/26/2023
Omar Franiak,19,purple,Shangcheng Chengguanzhen,73,Indigo,10,3/27/2023
Stephie Gutowska,96,pink,Syntul,170,Puce,9,3/24/2023
Tull Pill,72,purple,Sobral,634,Orange,3,3/15/2023
Wandie Srutton,1,purple,Lingkou,30,Khaki,8,3/12/2023
Revkah Schlagh,85,blue,Zhushan Chengguanzhen,264,Aquamarine,8,3/3/2023
Inigo Filippone,57,green,Ranao,279,Red,10,3/10/2023
Quinn Siman,5,yellow,Łąka Prudnicka,999,Aquamarine,1,3/13/2023
Jaine Cortese,52,purple,Krasae Sin,421,Indigo,3,3/24/2023
Rocky Batter,93,green,Issa,411,Orange,9,3/15/2023
Ahmed Jickles,34,yellow,Warungbanten,869,Pink,10,3/30/2023
Rutledge McGilmartin,94,blue,Kasungu,872,Violet,9,3/24/2023
Durand Topp,52,purple,Inđija,620,Maroon,6,3/25/2023
Felisha Human,22,blue,Saint-Julien-en-Genevois,143,Violet,9,3/10/2023
Edvard Hobbert,84,green,Río Limpio,532,Crimson,3,3/6/2023
Bernice Seger,5,yellow,Rancho Nuevo,819,Blue,1,3/10/2023
Dillon Shere,66,blue,Klapagading,676,Mauv,1,3/30/2023
Daveta O'Neil,14,pink,Phước An,974,Fuscia,2,3/25/2023
Lincoln Minshull,36,purple,El Tablón,417,Red,8,3/27/2023
Dael Renvoys,56,blue,Bīrganj,735,Goldenrod,8,3/18/2023
Henrie Rye,48,pink,Kolonia Town,902,Turquoise,3,3/14/2023
Tannie Farrance,18,purple,Anping,744,Yellow,5,3/23/2023
Putnam Goodin,69,purple,Zhulebino,86,Red,4,3/12/2023
Eugenie Dorney,62,blue,Suizhong,454,Turquoise,9,3/3/2023
Bertram Aiskovitch,96,green,Kuczbork-Osada,531,Teal,2,3/3/2023
Pen Child,35,pink,Paritjunus,922,Khaki,3,3/28/2023
Matt Ollivierre,90,blue,Hebu,82,Violet,1,3/18/2023
Marley Loyd,100,yellow,Cabadiangan,246,Maroon,8,3/29/2023
Karlotte Banham,5,blue,Češinovo,883,Teal,3,3/11/2023
Alasteir Dillaway,28,green,Cintawana,917,Blue,9,3/24/2023
Clarisse Netherclift,36,pink,Comodoro Rivadavia,57,Turquoise,8,3/18/2023
Hughie Olphert,27,pink,Dushanbe,691,Yellow,9,3/22/2023
Hedi Yellowlea,84,yellow,Toktogul,256,Indigo,7,3/29/2023
Germaine Parkes,1,blue,Bang Bo,352,Goldenrod,5,3/12/2023
Ross Petrillo,14,pink,Fushan,183,Yellow,8,3/16/2023
Robin Shore,21,green,Kukoboy,923,Goldenrod,5,3/19/2023
Hart Richmont,32,blue,Koton Karifi,853,Khaki,2,3/8/2023
Lydon Westcar,41,blue,Longxian Chengguanzhen,545,Fuscia,8,3/20/2023
Gregoor O'Brogane,38,blue,Miami Beach,891,Teal,2,3/8/2023
Tracey Radeliffe,54,green,Umeå,657,Fuscia,9,3/3/2023
Dagmar McNellis,16,pink,Qingshandi,790,Red,7,3/6/2023
Fifine Aubrey,66,blue,Trollhättan,419,Orange,9,3/18/2023
Nissie Bernardt,57,yellow,Sengkerang Tiga,231,Maroon,7,3/11/2023
Terra Oiseau,28,green,Saint-Dizier,278,Purple,10,3/10/2023
Charyl Berthelet,87,pink,Sobrosa,980,Fuscia,4,3/3/2023
Evangelina D'Ruel,79,pink,Wirral,745,Puce,7,3/9/2023
Isa Kubek,26,yellow,San Nicolas,298,Aquamarine,8,3/11/2023
Karlotta Mylan,6,purple,Hargeysa,773,Puce,4,3/28/2023
Cameron Evitts,34,yellow,Solna,315,Goldenrod,4,3/21/2023
Mariquilla Jutson,45,yellow,Sacramento,451,Green,9,3/6/2023
Ashlie Lintill,92,blue,Lacabamba,751,Puce,4,3/31/2023
Charlean O'Monahan,6,blue,Qal‘ah-ye Shāhī,39,Orange,5,3/19/2023
Adriaens Lowerson,23,yellow,Baitian,992,Orange,4,3/5/2023
Saleem Boate,54,pink,Chuntai,581,Teal,5,3/28/2023
Laurella Stanyan,2,green,Yanghou,20,Indigo,9,3/27/2023
Craggie Kovalski,75,yellow,Santa Rosa,760,Mauv,7,3/23/2023
Jolyn Bleier,27,purple,Shuihu,605,Maroon,8,3/18/2023
Kasper Olekhov,71,blue,Ulbroka,99,Khaki,2,3/24/2023
Gardener Percy,72,purple,Zhuli,757,Blue,4,3/3/2023
Skipton Throssell,77,pink,Camino Real,69,Turquoise,7,3/7/2023
Dollie Greeson,94,green,Manjakandriana,658,Mauv,6,3/26/2023
Monti McSparran,90,green,Srednebelaya,148,Yellow,1,3/18/2023
Kyrstin Bogace,73,purple,Surin,66,Purple,9,3/18/2023
Doreen Shawell,67,purple,Petaling Jaya,656,Pink,8,3/29/2023
Jenn Brooke,22,purple,Årjäng,417,Purple,1,3/20/2023
Nils Pottes,77,yellow,Valladolid,513,Green,7,3/11/2023
Aguie Klimov,64,pink,Silvino Lobos,126,Aquamarine,8,3/4/2023
Kin Lowcock,68,blue,Brušperk,434,Purple,10,3/28/2023
Lillian Devanny,64,green,Aubenas,22,Teal,4,3/28/2023
Lanita Secretan,1,blue,Owando,136,Indigo,7,3/29/2023
Johnny Keemar,13,purple,Khasht’arrak,734,Indigo,7,3/21/2023
Nertie Mourge,20,purple,Lago dos Rodrigues,585,Crimson,4,3/10/2023
Evelyn Matiasek,98,pink,Virovitica,656,Pink,2,3/18/2023
Kristine Cubberley,97,pink,Côte-Saint-Luc,909,Crimson,1,3/19/2023
